{"val_loss": [0.0002122442270629108, 0.0001785605588229373, 0.00021932680468307809, 0.000182473091641441, 0.00016073347011115403, 0.00015418358793249353, 0.00013989128428511322, 0.00014498165261466055, 0.00015262949082534762, 0.00020043000485748052], "loss": [0.0015190494815163675, 0.0008801181429291766, 0.0007934041500864157, 0.0007507684921291428, 0.0007218684621661897, 0.0006997328019538775, 0.0006833372164427643, 0.0006699820058394423, 0.000658177452562443, 0.0006488549359003039]}