{"val_loss": [0.00042405933723784986, 0.0005510297263972461, 0.00033629771787673234, 0.00023207001836271957, 0.0002009878751123324, 0.0002078785867197439, 0.00018122777494136244, 0.0002234247213928029, 0.00020801624958403407, 0.0001840587704209611], "loss": [0.004652869645727545, 0.002159280671317426, 0.001751571959732822, 0.00162707723813737, 0.0014490716149006874, 0.0013455997613540732, 0.0013078867226270323, 0.0012715430553400426, 0.0012478926622556932, 0.0012326706375040554]}