{"val_loss": [0.00019278678961563855, 0.00011730652623373316, 0.0001617432426137384, 0.00010641181661048904, 9.203168975363951e-05, 0.0002125054957868997, 0.0003114097826182842, 0.00011176955219707452, 0.00010863526348111918, 8.689470884564799e-05], "loss": [0.0006549168637887794, 0.00027420386395781435, 0.0002244112813392739, 0.00019431583170186913, 0.000184180073595067, 0.000169568296452536, 0.00015760837704009302, 0.00014844437034218895, 0.0001419471657067594, 0.0001356290531561643]}