{"val_loss": [0.0002405156845925376, 0.0004247669914038852, 0.0003350345124490559, 0.00011969513523217756, 0.00012697310604562517, 0.00010971081565367057, 0.0001291784083878156, 0.00010676716617308558, 9.758011721714865e-05, 0.00014603491843445226], "loss": [0.0007956764097169034, 0.0003682274595765381, 0.0002953337124544814, 0.0002536823439240062, 0.00023255968881047312, 0.0002184033730880237, 0.0002082701721320955, 0.00020064982299041235, 0.00019443498147341063, 0.00018839421357762516]}