{"val_loss": [0.000616536817047745, 0.0004854251318611205, 0.00018968501727795227, 0.0001130828494206071, 0.00011766718592843973, 9.753968604491092e-05, 8.457252629159483e-05, 0.00011177671805489809, 8.947063154482748e-05, 9.957357359235175e-05], "loss": [0.0008085562551216579, 0.00033652289011698827, 0.0002637952569845894, 0.000232793148582139, 0.00021403271664785132, 0.0002005870861914032, 0.00019179713073029097, 0.00018430478341609801, 0.0001789088145029071, 0.00017352508075603655]}