{"val_loss": [0.0001514208077278454, 0.0001339020252926275, 0.00011424468402401545, 9.42234979593195e-05, 0.00013720562669914215, 9.978075124672615e-05, 8.109973634418566e-05, 8.358099324686919e-05, 7.650916645070537e-05, 7.863600128621328e-05], "loss": [0.0006846173425316384, 0.0003104533448121108, 0.00024058966157907726, 0.00021040529821981057, 0.0001929162195967695, 0.00018207541187924034, 0.00017278042354270702, 0.00016243502819572757, 0.00015469524052797923, 0.00014920873355433938]}