{"val_loss": [0.00045628201548242943, 0.00028067822620505466, 0.00024642563663655894, 0.0002472117086290382, 0.0014455411862581969, 0.00025244294601725414, 0.00018904672615462914, 0.00023608688358217478, 0.00018922037552692928, 0.00019485425393213517], "loss": [0.0020245373926937957, 0.0010550783963600844, 0.0007198014312771894, 0.0006325163677403719, 0.0005946953383730952, 0.0005672800281053636, 0.0005472688781952422, 0.0005319602334718735, 0.0005138293658691084, 0.0004890017304641589]}