{"val_loss": [0.0040216809948906305, 0.002392572561278939, 0.002190012885257602, 0.0019511071983724833, 0.001778708653524518, 0.0017851152839139105, 0.0015857439679093659, 0.0016147561687976121, 0.001727804308757186, 0.0015949614709243178], "loss": [0.005186484143790924, 0.0036229227343761643, 0.002737604861374692, 0.0025069696889119036, 0.002401848586002747, 0.002317598706342628, 0.002253299498167402, 0.0022068196697608814, 0.0021642338519857677, 0.0021364526708571997]}