{"val_loss": [0.0002435916247777641, 0.0002091304548084736, 0.00020735919673461466, 0.0013534326832741498, 0.00016104098968207836, 0.00023768997692968696, 0.00015624289953848348, 0.00017656432237708942, 0.0002105897048022598, 0.000156950811680872], "loss": [0.0017989016427492016, 0.0011567636562116541, 0.0010245516568200342, 0.0009568709880012965, 0.0009097583214010539, 0.0008826574371682262, 0.0008620632786330212, 0.0008461643292175565, 0.0008337528169304351, 0.0008216784100412549]}