{"val_loss": [0.00034525209589628505, 0.00021045694188796915, 0.0001827727452182444, 0.00016910718855069718, 0.0001462138709030114, 0.00015827294246992097, 0.0001402690859104041, 0.0008330618948675692, 0.00014297520810214337, 0.0001280893393268343], "loss": [0.0018942369030097476, 0.0009554266849747311, 0.0006079384951001987, 0.0005126707682585918, 0.0004577888698801952, 0.0004301726313017438, 0.0004104351523683382, 0.0003952018607350989, 0.0003842200531825289, 0.00037305242010282933]}