{"val_loss": [0.0003835378857329488, 0.0002782785666640848, 0.0002797729135490954, 0.00017856148025020957, 0.0004331011231988668, 0.00013451469998108223, 0.00013827097273315302, 0.000141823492012918, 0.00017478450987255202, 0.0001617088025668636], "loss": [0.0016991178946602341, 0.0009708081906974516, 0.0008779615128781461, 0.0008345644397529687, 0.0008070979507090239, 0.0007881912834404365, 0.0007736022713803751, 0.0007603731336530416, 0.0007512732829538316, 0.000744236025053665]}