{"val_loss": [0.00030453997396398335, 0.00025128765375120567, 0.00023353363608475774, 0.00021239895041799174, 0.00019209387223236262, 0.00024350035708630457, 0.00020741239134804346, 0.00019773892970988526, 0.0002044932785211131, 0.00020032982481643557], "loss": [0.0007883322840137402, 0.00024121099225591638, 0.00021271465002950627, 0.0001940016247099584, 0.00019084408281697988, 0.0001832187475255236, 0.00018457878528740302, 0.00017749363349360827, 0.00017340919288209484, 0.00016978442515990777]}